id,name,start_time,disp_order,end_time
1,"미식전","2019-05-17 15:00:00",17,""
2,"트윙클 위시","2019-05-17 15:00:00",18,""
3,"라비린스","2019-05-17 15:00:00",19,""
4,"카르미나","2019-05-17 15:00:00",20,""
5,"리틀 리리컬","2019-05-17 15:00:00",21,""
6,"포레스티에","2019-05-17 15:00:00",22,""
7,"악마왕국군\n(디아볼로스)","2019-05-17 15:00:00",23,""
8,"왕궁기사단\n(NIGHTMARE)","2019-05-17 15:00:00",24,""
9,"사렌디아 구호원","2019-05-17 15:00:00",25,""
10,"자경단(카온)","2019-05-17 15:00:00",26,""
11,"목장\n(엘리자베스 파크)","2019-05-17 15:00:00",27,""
12,"메르쿠리우스 재단","2019-05-17 15:00:00",28,""
13,"트와일라이트 캐러밴","2019-05-17 15:00:00",29,""
14,"루센트 학원","2019-05-17 15:00:00",30,""
15,"바이스플뤼겔 랜드솔 지부","2019-05-17 15:00:00",31,""
16,"여름 해변의 아침노을","2019-06-30 12:00:00",14,""
17,"여름 해변의 저녁노을","2019-06-30 12:00:00",15,""
18,"여름 해변의 별하늘","2019-06-30 12:00:00",16,""
19,"바닷속 배경","2019-08-08 18:00:00",13,""
20,???,"2019-08-08 18:00:00",35,""
21,"성 테레사 여학원\n(단짝부)","2019-09-16 15:00:00",32,""
22,"할로윈 낮","2019-10-02 12:00:00",11,""
23,"할로윈 밤","2019-10-02 12:00:00",12,""
24,"버섯과 가을 계곡","2019-10-15 12:00:00",9,""
25,"버섯과 소하천","2019-10-15 12:00:00",10,""
26,"드래곤즈 네스트","2020-12-15 15:00:00",33,""
27,"크리스마스 낮","2020-12-15 15:00:00",7,""
28,"크리스마스 밤","2020-12-15 15:00:00",8,""
29,"새해 일출","2020-12-29 15:00:00",6,""
30,"뉴 제네레이션즈","2021-03-30 15:00:00",34,""
31,"이상한 나라의 성","2021-07-01 15:00:00",4,""
32,"이상한 나라의 평원","2021-07-01 15:00:00",5,""
33,"은하수","2021-08-02 15:00:00",1,""
34,"소원을 비는 대나무 마을의 낮","2021-08-02 15:00:00",2,""
35,"소원을 비는 대나무 마을의 밤","2021-08-02 15:00:00",3,""
